what,kind,bundleId,bundleVersion,description,time
activated,workbench,org.eclipse.ui.workbench,3.7.0.I20110519-0100,"",1326962082358
executed,command,org.eclipse.jdt.ui,3.7.1.r371_v20110824-0800,"org.eclipse.jdt.ui.edit.text.java.organize.imports",1326962082811
executed,command,org.eclipse.ui,3.7.0.I20110602-0100,"org.eclipse.ui.file.save",1326962085046
started,bundle,org.eclipse.pde.launching,3.6.0.v20110506,"org.eclipse.pde.launching",1326962097439
started,bundle,org.eclipse.ui.views.log,1.0.200.v20110404,"org.eclipse.ui.views.log",1326962097444
started,bundle,org.eclipse.pde.ui,3.6.100.v20110603,"org.eclipse.pde.ui",1326962097448
activated,view,org.eclipse.ui.navigator.resources,3.4.300.I20110421-1800,"org.eclipse.ui.navigator.ProjectExplorer",1326962099227
deactivated,workbench,org.eclipse.ui.workbench,3.7.0.I20110519-0100,"",1326962101478
started,bundle,org.eclipse.wst.jsdt.manipulation,1.0.300.v201104272153,"org.eclipse.wst.jsdt.manipulation",1326962102740
started,bundle,org.eclipse.wst.jsdt.ui,1.1.101.v201108151912,"org.eclipse.wst.jsdt.ui",1326962102816
activated,workbench,org.eclipse.ui.workbench,3.7.0.I20110519-0100,"",1326962103362
executed,command,org.eclipse.ui,3.7.0.I20110602-0100,"org.eclipse.ui.edit.delete",1326962103473
deactivated,workbench,org.eclipse.ui.workbench,3.7.0.I20110519-0100,"",1326962130701
started,bundle,org.eclipse.equinox.p2.garbagecollector,1.0.200.v20110510,"org.eclipse.equinox.p2.garbagecollector",1326962246733
activated,workbench,org.eclipse.ui.workbench,3.7.0.I20110519-0100,"",1326962423784
activated,editor,org.eclipse.jdt.ui,3.7.1.r371_v20110824-0800,"org.eclipse.jdt.ui.CompilationUnitEditor",1326962428191
activated,editor,org.eclipse.jdt.ui,3.7.1.r371_v20110824-0800,"org.eclipse.jdt.ui.CompilationUnitEditor",1326962428346
closed,editor,org.eclipse.jdt.ui,3.7.1.r371_v20110824-0800,"org.eclipse.jdt.ui.CompilationUnitEditor",1326962428348
activated,view,org.eclipse.ui.navigator.resources,3.4.300.I20110421-1800,"org.eclipse.ui.navigator.ProjectExplorer",1326962429363
closed,editor,org.eclipse.jdt.ui,3.7.1.r371_v20110824-0800,"org.eclipse.jdt.ui.CompilationUnitEditor",1326962429363
deactivated,workbench,org.eclipse.ui.workbench,3.7.0.I20110519-0100,"",1326962436920
error,log,,,"",1326962457652
activated,workbench,org.eclipse.ui.workbench,3.7.0.I20110519-0100,"",1326962457942
executed,command,org.eclipse.ui,3.7.0.I20110602-0100,"org.eclipse.ui.file.import",1326962458003
executed,command,org.eclipse.ui,3.7.0.I20110602-0100,"org.eclipse.ui.file.import",1326962458003
deactivated,workbench,org.eclipse.ui.workbench,3.7.0.I20110519-0100,"",1326962499249
started,bundle,org.eclipse.ant.ui,3.5.100.v20110510,"org.eclipse.ant.ui",1326962506732
started,bundle,org.eclipse.wst.jsdt.debug.rhino.ui,1.0.0.v201103232243,"org.eclipse.wst.jsdt.debug.rhino.ui",1326962506744
activated,workbench,org.eclipse.ui.workbench,3.7.0.I20110519-0100,"",1326962507433
executed,command,org.eclipse.ltk.ui.refactoring,3.6.0.v20110505-0800,"org.eclipse.ltk.ui.refactoring.commands.renameResource",1326962507504
executed,command,org.eclipse.ui,3.7.0.I20110602-0100,"org.eclipse.ui.edit.rename",1326962507504
deactivated,workbench,org.eclipse.ui.workbench,3.7.0.I20110519-0100,"",1326962533993
activated,workbench,org.eclipse.ui.workbench,3.7.0.I20110519-0100,"",1326962539875
executed,command,org.eclipse.ltk.ui.refactoring,3.6.0.v20110505-0800,"org.eclipse.ltk.ui.refactoring.commands.renameResource",1326962539950
executed,command,org.eclipse.ui,3.7.0.I20110602-0100,"org.eclipse.ui.edit.rename",1326962539968
executed,command,org.eclipse.ui,3.7.0.I20110602-0100,"org.eclipse.ui.file.refresh",1326962551176
deactivated,workbench,org.eclipse.ui.workbench,3.7.0.I20110519-0100,"",1326962558391
activated,workbench,org.eclipse.ui.workbench,3.7.0.I20110519-0100,"",1326962559636
executed,command,org.eclipse.ui.ide,3.7.0.v20110809-1737,"org.eclipse.ui.project.cleanAction",1326962559768
activated,view,org.eclipse.ui.ide,3.7.0.v20110809-1737,"org.eclipse.ui.views.AllMarkersView",1326962562215
activated,view,org.eclipse.ui.navigator.resources,3.4.300.I20110421-1800,"org.eclipse.ui.navigator.ProjectExplorer",1326962566614
opened,editor,org.eclipse.jdt.ui,3.7.1.r371_v20110824-0800,"org.eclipse.jdt.ui.CompilationUnitEditor",1326962567194
activated,editor,org.eclipse.jdt.ui,3.7.1.r371_v20110824-0800,"org.eclipse.jdt.ui.CompilationUnitEditor",1326962567309
activated,view,org.eclipse.ui.navigator.resources,3.4.300.I20110421-1800,"org.eclipse.ui.navigator.ProjectExplorer",1326962572130
deactivated,workbench,org.eclipse.ui.workbench,3.7.0.I20110519-0100,"",1326962574398
activated,workbench,org.eclipse.ui.workbench,3.7.0.I20110519-0100,"",1326962575681
executed,command,org.eclipse.ui,3.7.0.I20110602-0100,"org.eclipse.ui.edit.delete",1326962575813
activated,editor,org.eclipse.jdt.ui,3.7.1.r371_v20110824-0800,"org.eclipse.jdt.ui.CompilationUnitEditor",1326962581190
deactivated,workbench,org.eclipse.ui.workbench,3.7.0.I20110519-0100,"",1326962583713
activated,workbench,org.eclipse.ui.workbench,3.7.0.I20110519-0100,"",1326962595673
executed,command,org.eclipse.jdt.ui,3.7.1.r371_v20110824-0800,"org.eclipse.jdt.ui.edit.text.java.organize.imports",1326962596018
executed,command,org.eclipse.ui,3.7.0.I20110602-0100,"org.eclipse.ui.file.saveAll",1326962598862
activated,view,org.eclipse.ui.navigator.resources,3.4.300.I20110421-1800,"org.eclipse.ui.navigator.ProjectExplorer",1326962605678
opened,editor,org.eclipse.jdt.ui,3.7.1.r371_v20110824-0800,"org.eclipse.jdt.ui.CompilationUnitEditor",1326962607031
activated,editor,org.eclipse.jdt.ui,3.7.1.r371_v20110824-0800,"org.eclipse.jdt.ui.CompilationUnitEditor",1326962607114
deactivated,workbench,org.eclipse.ui.workbench,3.7.0.I20110519-0100,"",1326962610633
activated,workbench,org.eclipse.ui.workbench,3.7.0.I20110519-0100,"",1326962613179
executed,command,org.eclipse.jdt.ui,3.7.1.r371_v20110824-0800,"org.eclipse.jdt.ui.edit.text.java.organize.imports",1326962613392
executed,command,org.eclipse.ui,3.7.0.I20110602-0100,"org.eclipse.ui.file.saveAll",1326962615837
activated,view,org.eclipse.ui.navigator.resources,3.4.300.I20110421-1800,"org.eclipse.ui.navigator.ProjectExplorer",1326962621875
opened,editor,org.eclipse.jdt.ui,3.7.1.r371_v20110824-0800,"org.eclipse.jdt.ui.CompilationUnitEditor",1326962622308
activated,editor,org.eclipse.jdt.ui,3.7.1.r371_v20110824-0800,"org.eclipse.jdt.ui.CompilationUnitEditor",1326962622385
executed,command,org.eclipse.jdt.ui,3.7.1.r371_v20110824-0800,"org.eclipse.jdt.ui.edit.text.java.organize.imports",1326962629881
executed,command,org.eclipse.ui,3.7.0.I20110602-0100,"org.eclipse.ui.file.save",1326962631721
activated,view,org.eclipse.ui.navigator.resources,3.4.300.I20110421-1800,"org.eclipse.ui.navigator.ProjectExplorer",1326962633219
activated,editor,org.eclipse.jdt.ui,3.7.1.r371_v20110824-0800,"org.eclipse.jdt.ui.CompilationUnitEditor",1326962633587
started,bundle,org.eclipse.mylyn.ide.ui,3.6.0.v20110608-1400,"org.eclipse.mylyn.ide.ui",1326962644404
started,bundle,org.eclipse.jpt.jaxb.ui,1.1.1.v201108080010,"org.eclipse.jpt.jaxb.ui",1326962644426
started,bundle,org.eclipse.jpt.jpa.ui,3.0.1.v201108080010,"org.eclipse.jpt.jpa.ui",1326962644438
started,bundle,org.eclipse.jst.ws.jaxws.ui,1.0.100.v201104032053,"org.eclipse.jst.ws.jaxws.ui",1326962644468
started,bundle,org.eclipse.mylyn.java.ui,3.6.0.v20110608-1400,"org.eclipse.mylyn.java.ui",1326962644478
started,bundle,org.eclipse.pde.api.tools,1.0.301.v20110728_r371,"org.eclipse.pde.api.tools",1326962644587
started,bundle,org.eclipse.pde.api.tools.ui,1.0.301.v20110803_r371,"org.eclipse.pde.api.tools.ui",1326962644598
started,bundle,org.eclipse.jpt.jaxb.core,1.0.1.v201108080010,"org.eclipse.jpt.jaxb.core",1326962645243
executed,command,org.eclipse.ui,3.7.0.I20110602-0100,"org.eclipse.ui.edit.text.contentAssist.proposals",1326962646797
executed,command,org.eclipse.ui,3.7.0.I20110602-0100,"org.eclipse.ui.edit.undo",1326962653259
executed,command,org.eclipse.ui,3.7.0.I20110602-0100,"org.eclipse.ui.edit.undo",1326962653688
executed,command,org.eclipse.ui,3.7.0.I20110602-0100,"org.eclipse.ui.edit.undo",1326962654107
executed,command,org.eclipse.ui,3.7.0.I20110602-0100,"org.eclipse.ui.edit.undo",1326962654468
activated,view,org.eclipse.ui.navigator.resources,3.4.300.I20110421-1800,"org.eclipse.ui.navigator.ProjectExplorer",1326962657047
started,bundle,org.eclipse.mylyn.resources.ui,3.6.0.v20110608-1400,"org.eclipse.mylyn.resources.ui",1326962662152
deactivated,workbench,org.eclipse.ui.workbench,3.7.0.I20110519-0100,"",1326962671058
activated,workbench,org.eclipse.ui.workbench,3.7.0.I20110519-0100,"",1326963215430
executed,command,org.eclipse.ui,3.7.0.I20110602-0100,"org.eclipse.ui.edit.copy",1326963220832
deactivated,workbench,org.eclipse.ui.workbench,3.7.0.I20110519-0100,"",1326963223587
activated,workbench,org.eclipse.ui.workbench,3.7.0.I20110519-0100,"",1326963226365
executed,command,org.eclipse.ui,3.7.0.I20110602-0100,"org.eclipse.ui.edit.paste",1326963226617
deactivated,workbench,org.eclipse.ui.workbench,3.7.0.I20110519-0100,"",1326963230375
activated,workbench,org.eclipse.ui.workbench,3.7.0.I20110519-0100,"",1326963231805
executed,command,org.eclipse.ui,3.7.0.I20110602-0100,"org.eclipse.ui.edit.delete",1326963231899
deactivated,workbench,org.eclipse.ui.workbench,3.7.0.I20110519-0100,"",1326963235200
activated,workbench,org.eclipse.ui.workbench,3.7.0.I20110519-0100,"",1326963240400
executed,command,org.eclipse.ltk.ui.refactoring,3.6.0.v20110505-0800,"org.eclipse.ltk.ui.refactoring.commands.renameResource",1326963240511
executed,command,org.eclipse.ui,3.7.0.I20110602-0100,"org.eclipse.ui.edit.rename",1326963240511
activated,editor,org.eclipse.jdt.ui,3.7.1.r371_v20110824-0800,"org.eclipse.jdt.ui.CompilationUnitEditor",1326963250171
deactivated,workbench,org.eclipse.ui.workbench,3.7.0.I20110519-0100,"",1326963256700
activated,workbench,org.eclipse.ui.workbench,3.7.0.I20110519-0100,"",1326963267186
executed,command,org.eclipse.jdt.ui,3.7.1.r371_v20110824-0800,"org.eclipse.jdt.ui.edit.text.java.organize.imports",1326963267516
executed,command,org.eclipse.ui,3.7.0.I20110602-0100,"org.eclipse.ui.file.saveAll",1326963269505
activated,view,org.eclipse.ui.navigator.resources,3.4.300.I20110421-1800,"org.eclipse.ui.navigator.ProjectExplorer",1326963276973
closed,editor,org.eclipse.jdt.ui,3.7.1.r371_v20110824-0800,"org.eclipse.jdt.ui.CompilationUnitEditor",1326963276973
closed,editor,org.eclipse.jdt.ui,3.7.1.r371_v20110824-0800,"org.eclipse.jdt.ui.CompilationUnitEditor",1326963277003
closed,editor,org.eclipse.jdt.ui,3.7.1.r371_v20110824-0800,"org.eclipse.jdt.ui.CompilationUnitEditor",1326963277019
deactivated,workbench,org.eclipse.ui.workbench,3.7.0.I20110519-0100,"",1326963308264
activated,workbench,org.eclipse.ui.workbench,3.7.0.I20110519-0100,"",1326963314577
opened,view,org.eclipse.team.ui,3.6.100.I20110525-0800,"org.eclipse.team.sync.views.SynchronizeView",1326963314757
opened,view,org.eclipse.team.ui,3.6.100.I20110525-0800,"org.eclipse.team.ui.GenericHistoryView",1326963314792
opened,view,org.eclipse.mylyn.tasks.ui,3.6.3.v20111026-0100,"org.eclipse.mylyn.tasks.ui.views.repositories",1326963314842
activated,perspective,org.eclipse.team.ui,3.6.100.I20110525-0800,"org.eclipse.team.ui.TeamSynchronizingPerspective",1326963314864
activated,view,org.eclipse.team.ui,3.6.100.I20110525-0800,"org.eclipse.team.sync.views.SynchronizeView",1326963314869
executed,command,org.eclipse.ui,3.7.0.I20110602-0100,"org.eclipse.ui.perspectives.showPerspective",1326963314893
executed,command,org.eclipse.ui,3.7.0.I20110602-0100,"org.eclipse.ui.perspectives.showPerspective",1326963314893
deactivated,workbench,org.eclipse.ui.workbench,3.7.0.I20110519-0100,"",1326963319052
activated,workbench,org.eclipse.ui.workbench,3.7.0.I20110519-0100,"",1326963330616
executed,command,org.eclipse.team.ui,3.6.100.I20110525-0800,"org.eclipse.team.ui.synchronizeLast",1326963330678
opened,view,org.tigris.subversion.subclipse.ui,1.6.18,"org.tigris.subversion.subclipse.ui.repository.RepositoriesView",1326963344418
activated,perspective,org.tigris.subversion.subclipse.ui,1.6.18,"org.tigris.subversion.subclipse.ui.svnPerspective",1326963344462
activated,view,org.eclipse.team.ui,3.6.100.I20110525-0800,"org.eclipse.team.ui.GenericHistoryView",1326963344466
executed,command,org.eclipse.ui,3.7.0.I20110602-0100,"org.eclipse.ui.perspectives.showPerspective",1326963344472
executed,command,,,"org.tigris.subversion.subclipse.ui.svnPerspective",1326963344472
activated,view,org.tigris.subversion.subclipse.ui,1.6.18,"org.tigris.subversion.subclipse.ui.repository.RepositoriesView",1326963348326
deactivated,workbench,org.eclipse.ui.workbench,3.7.0.I20110519-0100,"",1326963348533
executed,command,org.eclipse.ui,3.7.0.I20110602-0100,"org.eclipse.ui.edit.paste",1326963383175
started,bundle,org.tigris.subversion.clientadapter.svnkit,1.6.15,"org.tigris.subversion.clientadapter.svnkit",1326963384673
started,bundle,org.tigris.subversion.clientadapter.javahl,1.6.17,"org.tigris.subversion.clientadapter.javahl",1326963384677
started,bundle,org.eclipse.ui.browser,3.3.100.v20110426,"org.eclipse.ui.browser",1326963392392
started,bundle,org.tmatesoft.svnkit,1.3.5.7406,"org.tmatesoft.svnkit",1326964598554
started,bundle,com.sun.jna,3.2.7,"com.sun.jna",1326964599695
activated,workbench,org.eclipse.ui.workbench,3.7.0.I20110519-0100,"",1326964601452
activated,perspective,org.eclipse.jst.j2ee.ui,1.1.501.v201108231700,"org.eclipse.jst.j2ee.J2EEPerspective",1326964605503
activated,view,org.eclipse.ui.navigator.resources,3.4.300.I20110421-1800,"org.eclipse.ui.navigator.ProjectExplorer",1326964605561
deactivated,workbench,org.eclipse.ui.workbench,3.7.0.I20110519-0100,"",1326964613029
activated,workbench,org.eclipse.ui.workbench,3.7.0.I20110519-0100,"",1326964625824
executed,command,org.eclipse.team.ui,3.6.100.I20110525-0800,"org.eclipse.team.ui.applyPatch",1326964625892
deactivated,workbench,org.eclipse.ui.workbench,3.7.0.I20110519-0100,"",1326964626713
activated,workbench,org.eclipse.ui.workbench,3.7.0.I20110519-0100,"",1326964673918
started,bundle,org.eclipse.debug.ui,3.7.101.v20110817_r371,"org.eclipse.debug.ui",1326964677561
started,bundle,org.eclipse.jdt.junit.core,3.7.0.v20110518-0800,"org.eclipse.jdt.junit.core",1326964677609
deactivated,workbench,org.eclipse.ui.workbench,3.7.0.I20110519-0100,"",1326964684195
activated,workbench,org.eclipse.ui.workbench,3.7.0.I20110519-0100,"",1326964706562
deactivated,workbench,org.eclipse.ui.workbench,3.7.0.I20110519-0100,"",1326964707585
activated,workbench,org.eclipse.ui.workbench,3.7.0.I20110519-0100,"",1326964714356
activated,perspective,org.eclipse.team.ui,3.6.100.I20110525-0800,"org.eclipse.team.ui.TeamSynchronizingPerspective",1326964714472
activated,view,org.eclipse.team.ui,3.6.100.I20110525-0800,"org.eclipse.team.ui.GenericHistoryView",1326964714477
activated,view,org.eclipse.team.ui,3.6.100.I20110525-0800,"org.eclipse.team.sync.views.SynchronizeView",1326964714501
deactivated,workbench,org.eclipse.ui.workbench,3.7.0.I20110519-0100,"",1326964738660
activated,workbench,org.eclipse.ui.workbench,3.7.0.I20110519-0100,"",1326964745912
deactivated,workbench,org.eclipse.ui.workbench,3.7.0.I20110519-0100,"",1326964746052
activated,workbench,org.eclipse.ui.workbench,3.7.0.I20110519-0100,"",1326964746558
executed,command,org.tigris.subversion.subclipse.ui,1.6.18,"org.tigris.subversion.subclipse.ui.commit",1326964746565
deactivated,workbench,org.eclipse.ui.workbench,3.7.0.I20110519-0100,"",1326964747025
activated,workbench,org.eclipse.ui.workbench,3.7.0.I20110519-0100,"",1326964798070
deactivated,workbench,org.eclipse.ui.workbench,3.7.0.I20110519-0100,"",1326964806297
activated,workbench,org.eclipse.ui.workbench,3.7.0.I20110519-0100,"",1326964883951
activated,perspective,org.eclipse.jst.j2ee.ui,1.1.501.v201108231700,"org.eclipse.jst.j2ee.J2EEPerspective",1326964885984
activated,view,org.eclipse.ui.navigator.resources,3.4.300.I20110421-1800,"org.eclipse.ui.navigator.ProjectExplorer",1326964885991
activated,perspective,org.eclipse.team.ui,3.6.100.I20110525-0800,"org.eclipse.team.ui.TeamSynchronizingPerspective",1326964887247
activated,view,org.eclipse.team.ui,3.6.100.I20110525-0800,"org.eclipse.team.sync.views.SynchronizeView",1326964887252
closed,view,org.tigris.subversion.subclipse.ui,1.6.18,"org.tigris.subversion.subclipse.ui.repository.RepositoriesView",1326964891162
executed,command,org.eclipse.ui,3.7.0.I20110602-0100,"org.eclipse.ui.window.closePerspective",1326964891167
started,bundle,org.eclipse.wst.xsl.debug.ui,1.0.200.v201101281837,"org.eclipse.wst.xsl.debug.ui",1326964896736
activated,perspective,org.eclipse.jst.j2ee.ui,1.1.501.v201108231700,"org.eclipse.jst.j2ee.J2EEPerspective",1326964900126
activated,view,org.eclipse.ui.navigator.resources,3.4.300.I20110421-1800,"org.eclipse.ui.navigator.ProjectExplorer",1326964900132
started,bundle,org.eclipse.wst.server.ui,1.1.306.v20110823_1704,"org.eclipse.wst.server.ui",1326964905423
started,bundle,org.eclipse.jdt.debug,3.7.1.v20110802_r371,"org.eclipse.jdt.debug",1326964905523
started,bundle,org.eclipse.jdt.debug.ui,3.6.1.v20110803_r371,"org.eclipse.jdt.debug.ui",1326964905612
deactivated,workbench,org.eclipse.ui.workbench,3.7.0.I20110519-0100,"",1326964909957
activated,workbench,org.eclipse.ui.workbench,3.7.0.I20110519-0100,"",1326964923752
opened,view,org.tigris.subversion.subclipse.ui,1.6.18,"org.tigris.subversion.subclipse.ui.repository.RepositoriesView",1326964923869
activated,view,org.tigris.subversion.subclipse.ui,1.6.18,"org.tigris.subversion.subclipse.ui.repository.RepositoriesView",1326964923897
executed,command,org.eclipse.ui,3.7.0.I20110602-0100,"org.eclipse.ui.views.showView",1326964923899
executed,command,org.eclipse.ui,3.7.0.I20110602-0100,"org.eclipse.ui.views.showView",1326964923899
activated,view,org.eclipse.ui.navigator.resources,3.4.300.I20110421-1800,"org.eclipse.ui.navigator.ProjectExplorer",1326964932256
closed,view,org.tigris.subversion.subclipse.ui,1.6.18,"org.tigris.subversion.subclipse.ui.repository.RepositoriesView",1326964932307
activated,perspective,org.eclipse.team.ui,3.6.100.I20110525-0800,"org.eclipse.team.ui.TeamSynchronizingPerspective",1326964933345
activated,view,org.eclipse.team.ui,3.6.100.I20110525-0800,"org.eclipse.team.sync.views.SynchronizeView",1326964933349
activated,perspective,org.eclipse.jst.j2ee.ui,1.1.501.v201108231700,"org.eclipse.jst.j2ee.J2EEPerspective",1326964935458
activated,view,org.eclipse.ui.navigator.resources,3.4.300.I20110421-1800,"org.eclipse.ui.navigator.ProjectExplorer",1326964935463
activated,perspective,org.eclipse.team.ui,3.6.100.I20110525-0800,"org.eclipse.team.ui.TeamSynchronizingPerspective",1326964936673
activated,view,org.eclipse.team.ui,3.6.100.I20110525-0800,"org.eclipse.team.sync.views.SynchronizeView",1326964936678
activated,perspective,org.eclipse.jst.j2ee.ui,1.1.501.v201108231700,"org.eclipse.jst.j2ee.J2EEPerspective",1326964947228
activated,view,org.eclipse.ui.navigator.resources,3.4.300.I20110421-1800,"org.eclipse.ui.navigator.ProjectExplorer",1326964947235
opened,editor,org.eclipse.jdt.ui,3.7.1.r371_v20110824-0800,"org.eclipse.jdt.ui.CompilationUnitEditor",1326964958239
activated,editor,org.eclipse.jdt.ui,3.7.1.r371_v20110824-0800,"org.eclipse.jdt.ui.CompilationUnitEditor",1326964958374
activated,view,org.eclipse.ui.navigator.resources,3.4.300.I20110421-1800,"org.eclipse.ui.navigator.ProjectExplorer",1326964961188
opened,editor,org.eclipse.jdt.ui,3.7.1.r371_v20110824-0800,"org.eclipse.jdt.ui.CompilationUnitEditor",1326964961532
activated,editor,org.eclipse.jdt.ui,3.7.1.r371_v20110824-0800,"org.eclipse.jdt.ui.CompilationUnitEditor",1326964961628
activated,editor,org.eclipse.jdt.ui,3.7.1.r371_v20110824-0800,"org.eclipse.jdt.ui.CompilationUnitEditor",1326964963939
executed,command,org.eclipse.ui,3.7.0.I20110602-0100,"org.eclipse.ui.edit.text.contentAssist.proposals",1326965036849
executed,command,org.eclipse.ui,3.7.0.I20110602-0100,"org.eclipse.ui.edit.copy",1326965064942
executed,command,org.eclipse.ui,3.7.0.I20110602-0100,"org.eclipse.ui.edit.paste",1326965066262
deactivated,workbench,org.eclipse.ui.workbench,3.7.0.I20110519-0100,"",1326965086490
activated,workbench,org.eclipse.ui.workbench,3.7.0.I20110519-0100,"",1326965086690
started,bundle,org.eclipse.jdt.apt.pluggable.core,1.0.400.v20110305-1450,"org.eclipse.jdt.apt.pluggable.core",1326965086938
error,log,,,"loadAndParseRClass failed to find class simon.vestergaard.note.calender.R",1326965087294
activated,view,org.eclipse.ui.console,3.5.100.v20110511,"org.eclipse.ui.console.ConsoleView",1326965087342
activated,editor,org.eclipse.jdt.ui,3.7.1.r371_v20110824-0800,"org.eclipse.jdt.ui.CompilationUnitEditor",1326965093289
executed,command,org.eclipse.ui,3.7.0.I20110602-0100,"org.eclipse.ui.edit.undo",1326965100974
activated,view,org.eclipse.ui.navigator.resources,3.4.300.I20110421-1800,"org.eclipse.ui.navigator.ProjectExplorer",1326965104627
activated,perspective,org.eclipse.team.ui,3.6.100.I20110525-0800,"org.eclipse.team.ui.TeamSynchronizingPerspective",1326965118201
activated,editor,org.eclipse.jdt.ui,3.7.1.r371_v20110824-0800,"org.eclipse.jdt.ui.CompilationUnitEditor",1326965118223
activated,view,org.eclipse.team.ui,3.6.100.I20110525-0800,"org.eclipse.team.sync.views.SynchronizeView",1326965122359
activated,perspective,org.eclipse.jst.j2ee.ui,1.1.501.v201108231700,"org.eclipse.jst.j2ee.J2EEPerspective",1326965137365
activated,editor,org.eclipse.jdt.ui,3.7.1.r371_v20110824-0800,"org.eclipse.jdt.ui.CompilationUnitEditor",1326965137383
activated,editor,org.eclipse.jdt.ui,3.7.1.r371_v20110824-0800,"org.eclipse.jdt.ui.CompilationUnitEditor",1326965176299
executed,command,org.eclipse.ui,3.7.0.I20110602-0100,"org.eclipse.ui.edit.text.contentAssist.proposals",1326965188219
executed,command,org.eclipse.ui,3.7.0.I20110602-0100,"org.eclipse.ui.edit.text.contentAssist.proposals",1326965193581
deactivated,workbench,org.eclipse.ui.workbench,3.7.0.I20110519-0100,"",1326965205170
activated,workbench,org.eclipse.ui.workbench,3.7.0.I20110519-0100,"",1326965218807
executed,command,org.eclipse.ui,3.7.0.I20110602-0100,"org.eclipse.ui.edit.copy",1326965222127
executed,command,org.eclipse.ui,3.7.0.I20110602-0100,"org.eclipse.ui.edit.paste",1326965223994
executed,command,org.eclipse.ui,3.7.0.I20110602-0100,"org.eclipse.ui.file.save",1326965226793
deactivated,workbench,org.eclipse.ui.workbench,3.7.0.I20110519-0100,"",1326965262912
activated,workbench,org.eclipse.ui.workbench,3.7.0.I20110519-0100,"",1326965380022
activated,editor,org.eclipse.jdt.ui,3.7.1.r371_v20110824-0800,"org.eclipse.jdt.ui.CompilationUnitEditor",1326965383728
activated,editor,org.eclipse.jdt.ui,3.7.1.r371_v20110824-0800,"org.eclipse.jdt.ui.CompilationUnitEditor",1326965393108
activated,editor,org.eclipse.jdt.ui,3.7.1.r371_v20110824-0800,"org.eclipse.jdt.ui.CompilationUnitEditor",1326965395714
deactivated,workbench,org.eclipse.ui.workbench,3.7.0.I20110519-0100,"",1326965476229
activated,workbench,org.eclipse.ui.workbench,3.7.0.I20110519-0100,"",1326967198110
deactivated,workbench,org.eclipse.ui.workbench,3.7.0.I20110519-0100,"",1326967203093
activated,workbench,org.eclipse.ui.workbench,3.7.0.I20110519-0100,"",1326967427786
deactivated,workbench,org.eclipse.ui.workbench,3.7.0.I20110519-0100,"",1326967475802
activated,workbench,org.eclipse.ui.workbench,3.7.0.I20110519-0100,"",1326967501942
deactivated,workbench,org.eclipse.ui.workbench,3.7.0.I20110519-0100,"",1326967502694
activated,workbench,org.eclipse.ui.workbench,3.7.0.I20110519-0100,"",1326967503323
deactivated,workbench,org.eclipse.ui.workbench,3.7.0.I20110519-0100,"",1326967508515
activated,workbench,org.eclipse.ui.workbench,3.7.0.I20110519-0100,"",1326967692474
activated,editor,org.eclipse.jdt.ui,3.7.1.r371_v20110824-0800,"org.eclipse.jdt.ui.CompilationUnitEditor",1326967700127
executed,command,org.eclipse.ui,3.7.0.I20110602-0100,"org.eclipse.ui.file.save",1326967733195
activated,editor,org.eclipse.jdt.ui,3.7.1.r371_v20110824-0800,"org.eclipse.jdt.ui.CompilationUnitEditor",1326967735641
activated,editor,org.eclipse.jdt.ui,3.7.1.r371_v20110824-0800,"org.eclipse.jdt.ui.CompilationUnitEditor",1326967742149
executed,command,org.eclipse.ui,3.7.0.I20110602-0100,"org.eclipse.ui.edit.copy",1326967747326
executed,command,org.eclipse.ui,3.7.0.I20110602-0100,"org.eclipse.ui.edit.paste",1326967770914
executed,command,org.eclipse.ui,3.7.0.I20110602-0100,"org.eclipse.ui.edit.paste",1326967773892
executed,command,org.eclipse.ui,3.7.0.I20110602-0100,"org.eclipse.ui.edit.copy",1326967789784
activated,editor,org.eclipse.jdt.ui,3.7.1.r371_v20110824-0800,"org.eclipse.jdt.ui.CompilationUnitEditor",1326967790850
executed,command,org.eclipse.ui,3.7.0.I20110602-0100,"org.eclipse.ui.edit.paste",1326967793926
executed,command,org.eclipse.ui,3.7.0.I20110602-0100,"org.eclipse.ui.file.save",1326967795396
activated,view,org.eclipse.ui.views,3.6.0.I20110412-0800,"org.eclipse.ui.views.ContentOutline",1326967805632
activated,editor,org.eclipse.jdt.ui,3.7.1.r371_v20110824-0800,"org.eclipse.jdt.ui.CompilationUnitEditor",1326967809031
deactivated,workbench,org.eclipse.ui.workbench,3.7.0.I20110519-0100,"",1326967811234
activated,workbench,org.eclipse.ui.workbench,3.7.0.I20110519-0100,"",1326967812554
executed,command,org.eclipse.ui,3.7.0.I20110602-0100,"org.eclipse.ui.edit.text.contentAssist.proposals",1326967816420
executed,command,org.eclipse.ui,3.7.0.I20110602-0100,"org.eclipse.ui.edit.text.contentAssist.proposals",1326967817399
executed,command,org.eclipse.ui,3.7.0.I20110602-0100,"org.eclipse.ui.edit.text.contentAssist.proposals",1326967820370
activated,editor,org.eclipse.jdt.ui,3.7.1.r371_v20110824-0800,"org.eclipse.jdt.ui.CompilationUnitEditor",1326967833681
activated,view,org.eclipse.ui.views,3.6.0.I20110412-0800,"org.eclipse.ui.views.ContentOutline",1326967838782
activated,editor,org.eclipse.jdt.ui,3.7.1.r371_v20110824-0800,"org.eclipse.jdt.ui.CompilationUnitEditor",1326967855121
activated,editor,org.eclipse.jdt.ui,3.7.1.r371_v20110824-0800,"org.eclipse.jdt.ui.CompilationUnitEditor",1326967857493
activated,editor,org.eclipse.jdt.ui,3.7.1.r371_v20110824-0800,"org.eclipse.jdt.ui.CompilationUnitEditor",1326967861405
